UserID,Password
1000001,123
1000002,123
1000003,123
1000004,123
1000005,123
1000006,123
1000007,123
1000008,123
1000009,123
1000010,123
1000011,123
1000012,123
1000013,123
1000014,123
1000015,123
1000016,123
1000017,123
1000018,123
1000019,123
1000020,123
1000021,123
1000022,123
1000023,123
1000024,123
1000025,123
1000026,123
1000027,123
1000028,123
1000029,123
1000030,123
1000031,123
1000032,123
1000033,123
1000034,123
1000035,123
1000036,123
1000037,123
1000038,123
1000039,123
1000040,123
1000041,123
1000042,123
1000043,123
1000044,123
1000045,123
1000046,123
1000047,123
1000048,123
1000049,123
1000050,123
1000051,123
1000052,123
1000053,123
1000054,123
1000055,123
1000056,123
1000057,123
1000058,123
1000059,123
1000060,123
1000061,123
1000062,123
1000063,123
1000064,123
1000065,123
1000066,123
1000067,123
1000068,123
1000069,123
1000070,123
1000071,123
1000072,123
1000073,123
1000074,123
1000075,123
1000076,123
1000077,123
1000078,123
1000079,123
1000080,123
1000081,123
1000082,123
1000083,123
1000084,123
1000085,123
1000086,123
1000087,123
1000088,123
1000089,123
1000090,123
1000091,123
1000092,123
1000093,123
1000094,123
1000095,123
1000096,123
1000097,123
1000098,123
1000099,123
1000100,123
1000101,123
1000102,123
1000103,123
1000104,123
1000105,123
1000106,123
1000107,123
1000108,123
1000109,123
1000110,123
1000111,123
1000112,123
1000113,123
1000114,123
1000115,123
1000116,123
1000117,123
1000118,123
1000119,123
1000120,123
1000121,123
1000122,123
1000123,123
1000124,123
1000125,123
1000126,123
1000127,123
1000128,123
1000129,123
1000130,123
1000131,123
1000132,123
1000133,123
1000134,123
1000135,123
1000136,123
1000137,123
1000138,123
1000139,123
1000140,123
1000141,123
1000142,123
1000143,123
1000144,123
1000145,123
1000146,123
1000147,123
1000148,123
1000149,123
1000150,123
1000151,123
1000152,123
1000153,123
1000154,123
1000155,123
1000156,123
1000157,123
1000158,123
1000159,123
1000160,123
1000161,123
1000162,123
1000163,123
1000164,123
1000165,123
1000166,123
1000167,123
1000168,123
1000169,123
1000170,123
1000171,123
1000172,123
1000173,123
1000174,123
1000175,123
1000176,123
1000177,123
1000178,123
1000179,123
1000180,123
1000181,123
1000182,123
1000183,123
1000184,123
1000185,123
1000186,123
1000187,123
1000188,123
1000189,123
1000190,123
1000191,123
1000192,123
1000193,123
1000194,123
1000195,123
1000196,123
1000197,123
1000198,123
1000199,123
1000200,123
1000201,123
1000202,123
1000203,123
1000204,123
1000205,123
1000206,123
1000207,123
1000208,123
1000209,123
1000210,123
1000211,123
1000212,123
1000213,123
1000214,123
1000215,123
1000216,123
1000217,123
1000218,123
1000219,123
1000220,123
1000221,123
1000222,123
1000223,123
1000224,123
1000225,123
1000226,123
1000227,123
1000228,123
1000229,123
1000230,123
1000231,123
1000232,123
1000233,123
1000234,123
1000235,123
1000236,123
1000237,123
1000238,123
1000239,123
1000240,123
1000241,123
1000242,123
1000243,123
1000244,123
1000245,123
1000246,123
1000247,123
1000248,123
1000249,123
1000250,123
1000251,123
1000252,123
1000253,123
1000254,123
1000255,123
1000256,123
1000257,123
1000258,123
1000259,123
1000260,123
1000261,123
1000262,123
1000263,123
1000264,123
1000265,123
1000266,123
1000267,123
1000268,123
1000269,123
1000270,123
1000271,123
1000272,123
1000273,123
1000274,123
1000275,123
1000276,123
1000277,123
1000278,123
1000279,123
1000280,123
1000281,123
1000282,123
1000283,123
1000284,123
1000285,123
1000286,123
1000287,123
1000288,123
1000289,123
1000290,123
1000291,123
1000292,123
1000293,123
1000294,123
1000295,123
1000296,123
1000297,123
1000298,123
1000299,123
